EAR,BlinkRate,ClosureDuration,PERCLOS,Label
0.25915756508265864,13,0.21997549805521843,14.443392069726093,0.0
0.27352106649132524,10,0.3022802575792935,7.597653720551584,0.0
0.2774388650127129,19,0.3383291337185994,8.683613371570392,0.0
0.3339161073729273,12,0.2139073247751185,6.332887408184612,0.0
0.31604766380625005,19,0.3950739487709086,7.849616758755065,0.0
0.19484137060401563,20,1.377140058508969,61.1622590444786,1.0
0.336529806242107,16,0.30845540935349314,9.294556995701022,0.0
0.21438770048364997,26,2.7383233745865505,21.6426120268149,1.0
0.11963518070053317,28,2.1157118043028578,49.62689715833841,1.0
0.39581986789860535,11,0.23543145360002155,13.056209637008688,0.0
0.18738368890823448,38,2.1386503068006335,57.27621279910308,1.0
0.10095987112348817,21,3.013325094416052,35.96317413593646,1.0
0.3686963077521923,14,0.39442208561829595,14.302207848832184,0.0
0.19351192392290267,23,2.04160225675363,47.67901242824345,1.0
0.163965864965521,20,1.5573097860204492,64.59138475389463,1.0
0.376584257708132,15,0.10407176582678568,5.620438619189022,0.0
0.13989243603404905,37,4.588854864856927,61.35860846680502,1.0
0.3610167156342041,17,0.23746806191605271,7.834655742012128,0.0
0.388672544779316,10,0.2650379169360292,5.799147355854953,0.0
0.3886472474985494,18,0.20610946091994659,5.4749925406296915,0.0
0.12818618968988732,23,1.8111326605116718,31.261536831474892,1.0
0.1809545265616951,32,4.122674105980489,28.8776741674294,1.0
0.38830834202832076,19,0.26341611616209837,14.080746643964165,0.0
0.21741580692264179,24,4.6251122389838635,49.37931019167458,1.0
0.21849134505633416,34,3.8627629849977625,51.76643138814458,1.0
0.34355716025123406,15,0.28366206637487024,6.231442868277808,0.0
0.34408219813191754,17,0.2798931744191311,6.5403331897846675,0.0
0.1540051190708335,38,3.4803900788364817,33.737958654636,1.0
0.30066389559638845,15,0.3334651145224291,13.554992224927423,0.0
0.14556563815075835,30,1.7110102518899772,35.80821674684884,1.0
0.11821254267491982,32,2.767377593673241,56.11186235243679,1.0
0.2109156358849478,23,4.47837782363036,51.57923005164817,1.0
0.38575465571533923,19,0.15902114275502968,11.798109875164867,0.0
0.3478100019861325,10,0.10641763012952907,12.82449515955926,0.0
0.26114930946258286,12,0.20090814114039532,9.975963580839462,0.0
0.35310868099765463,12,0.35537847716679805,8.284105003164292,0.0
0.1546363703517185,26,3.454336049303395,49.69736545328668,1.0
0.16654603252646882,27,4.524906378945511,25.736459451881885,1.0
0.1979183286839963,39,1.3626034351859846,28.502319964810233,1.0
0.13591784202439489,37,2.187712408627855,53.19540213847758,1.0
0.2691965365903829,16,0.2106439986407673,9.981819536759117,0.0
0.25555040421753733,15,0.2632272599623603,10.121731126310422,0.0
0.3379890736383552,12,0.17857925383139867,7.254517021713727,0.0
0.298488783089532,14,0.28009673104726385,8.632377000158701,0.0
0.26095057905517677,17,0.3130703655287942,10.521990460604101,0.0
0.3345143617189854,13,0.11380500765565943,6.929676092162854,0.0
0.27661106589650214,11,0.27185236062268586,13.112913989584724,0.0
0.2738765507709556,16,0.36096600256389244,9.412147662114066,0.0
0.3393704188204949,14,0.14126169481999232,11.138633037943183,0.0
0.2661927659917198,17,0.1897837756481624,13.49788800715093,0.0
0.17987418828244076,30,3.462153752684013,53.226656467431226,1.0
0.3096813100434769,15,0.188807796921516,7.989619184803155,0.0
0.18342082874963056,34,3.7693962268432237,69.5892828935176,1.0
0.12232387293136959,34,3.942164104628988,22.935638085293803,1.0
0.1588971948467179,32,2.8354822676387634,31.24138460923001,1.0
0.274682730969055,10,0.285506912910047,11.432995986826501,0.0
0.2795636558138946,11,0.3352000525981149,12.229931070061028,0.0
0.2622071015523513,10,0.1996394894446742,10.927637795677995,0.0
0.2818240685105704,16,0.337593365203285,14.550491916884807,0.0
0.1363351848582542,26,1.501070364870448,62.40754030094353,1.0
0.2525561367480077,19,0.2543667682448697,6.341899590368522,0.0
0.10858192808952868,38,4.796532316788827,21.256407925946828,1.0
0.10467351660303836,21,3.6560055867261374,37.8918529294805,1.0
0.2810046190303044,14,0.3940485851955239,5.050689553442869,0.0
0.33815409055976586,14,0.15848239808724118,11.852619882888074,0.0
0.3895332800225987,14,0.27655518719907124,13.351689023627731,0.0
0.27808208556906305,14,0.18391981562963544,9.350870287726686,0.0
0.27144674004734703,14,0.11686774552602364,11.241895392888646,0.0
0.30807334715162066,17,0.1356207652408291,8.00063439708487,0.0
0.3828053520708561,10,0.372817709842337,9.606526163616527,0.0
0.2043334671832179,39,4.7138954880346216,51.13782890740114,1.0
0.2733115142879758,12,0.39497961372085444,10.788952128433069,0.0
0.14959332049244328,38,3.0213279363627983,63.083069947377474,1.0
0.11018730465151316,27,3.389340597026369,60.614632879010856,1.0
0.25697688707610805,18,0.3044001203531983,5.712832820063674,0.0
0.19017564775874105,33,2.2011403508271585,68.62318241804888,1.0
0.11558241405936506,29,3.7456932582875306,42.52593226239739,1.0
0.19343882939893772,29,4.101689504818128,68.82435996459714,1.0
0.13567355339221113,38,1.9662907175055273,46.062751367312124,1.0
0.18409961836680058,26,1.3076271744596655,38.33175336156034,1.0
0.16463756271598284,21,2.2710008720243744,52.584014462090686,1.0
0.28593366826480565,17,0.2766442295820138,5.920319707175089,0.0
0.2154089307324179,22,2.4760496667472918,58.51795732847553,1.0
0.27083100641086083,15,0.11501566644344169,12.005525290695722,0.0
0.1313164460189722,20,1.5780080974309056,48.800899795412136,1.0
0.1422515907468399,34,3.48086872578684,47.79667226403258,1.0
0.20619373255076978,34,2.362773703229901,64.01256680913818,1.0
0.36814908516844114,14,0.36614653940366826,12.30270819925222,0.0
0.14778889126697667,20,2.9888271088334664,59.40978789366991,1.0
0.13359853449255485,31,2.6945307590703464,45.24630193499016,1.0
0.2535836278163412,13,0.38873397070465143,13.829411970490327,0.0
0.18764395822900104,37,3.1691905802010116,53.39579908243965,1.0
0.3258174075104467,16,0.1750862951795033,14.488602357511605,0.0
0.3276215862783329,16,0.3669180646452833,13.918611385090427,0.0
0.39184902445525027,12,0.14746667180839013,12.306482532268507,0.0
0.3123719429974593,18,0.37836584126072204,14.463375012027747,0.0
0.151812942604254,31,1.853861027352624,20.723097354499963,1.0
0.3021964234815311,15,0.30048960283494686,5.741320856614719,0.0
0.2720735877324493,19,0.15455140521780447,9.795841250542367,0.0
0.10182770675286569,28,2.9095726597464555,22.180815582901946,1.0
0.35396659761606575,12,0.23596386004080258,11.789169900713576,0.0
0.3982433418515585,10,0.16930972893136803,10.478165998845146,0.0
0.21680578787184912,36,4.287987212991661,34.93781376179082,1.0
0.394762842623238,11,0.1858380035705753,11.531067958106346,0.0
0.33704294279610425,17,0.19908246892875614,11.73040938997717,0.0
0.10047437317721762,27,4.260543231879387,33.747737286301465,1.0
0.32754905390969985,11,0.14965163466891654,11.373605693320968,0.0
0.38295895857752515,13,0.1193139083832731,7.508162097523952,0.0
0.21658044182449304,34,4.505247674977696,67.0888663108988,1.0
0.1584030576343175,31,2.8851480447184765,60.16366376230878,1.0
0.38306564986837904,10,0.25495869909569957,5.82750698517986,0.0
0.38361781183655713,18,0.328304396698736,14.806642972005625,0.0
0.13702376724178905,24,4.612078187283268,58.262045380867846,1.0
0.29717233200538684,14,0.3647871490471798,9.044871429449522,0.0
0.3140400007237001,17,0.2032317978974998,12.422973235183886,0.0
0.16528733980002813,25,1.0469918247973338,46.8892661760234,1.0
0.11225581477130035,24,3.3620607979571626,33.37774078829834,1.0
0.2900348609044762,19,0.2382560932747761,7.491328308563661,0.0
0.17004301875765082,20,2.6620340989236952,22.170067656157865,1.0
0.13670057933857815,20,2.6298939916642583,43.6746645895225,1.0
0.15613049469518192,35,1.0183018073241863,59.56777797256261,1.0
0.18019008040460632,29,4.0339601235023,63.78637522317198,1.0
0.1296392200397991,39,2.468406178240801,33.76841886735596,1.0
0.3623746387074079,19,0.25307835299834613,7.711663900518886,0.0
0.27422653051116475,18,0.20656461241319443,12.762680380921836,0.0
0.2955040083390551,18,0.16044278312330051,13.021262449089496,0.0
0.21680334876348678,37,3.158846141606647,64.90275899006318,1.0
0.13596504158852765,22,1.2517296325055516,42.91405622902525,1.0
0.25452905756011895,18,0.18046632010190372,13.105444448101588,0.0
0.33511985321054105,17,0.1626876022778046,8.954854594220414,0.0
0.28245993895645644,16,0.10050462628329337,11.620602706823142,0.0
0.2941914060507135,19,0.31217131446133883,12.49518331224768,0.0
0.379766440568504,10,0.2809789894430863,11.293898526733605,0.0
0.17894800629259414,35,3.5949997308299513,56.95427753564311,1.0
0.16871895041162038,30,1.3553792722548978,26.039382549648554,1.0
0.10594251708168043,37,2.6331634919680735,42.2056211054762,1.0
0.16374060728244788,38,2.580482899581492,46.843410970108636,1.0
0.1827276210780801,39,2.0879590390621354,59.66789332702014,1.0
0.34390219506722375,16,0.16520515473403713,9.19146780546878,0.0
0.327357923789197,16,0.32446339212633246,12.191782964194656,0.0
0.17888598659800434,30,2.7417658843210155,32.46482476612087,1.0
0.3538465759753884,19,0.24338469331324067,14.304352587746207,0.0
0.18296968707268146,31,3.6286540820178663,55.24856545644,1.0
0.28481669822612465,19,0.1262575960976624,14.803173301756692,0.0
0.33263799444682973,11,0.28807267700877665,5.452241846946825,0.0
0.29377090125920025,16,0.18215037008089663,13.642354471126986,0.0
0.19268911458765575,28,3.5375991424156816,50.80161719012608,1.0
0.10885749206598876,33,2.644622205228198,21.06165012845938,1.0
0.3335946022741383,13,0.12294320231447088,14.458278006973183,0.0
0.25711395653580393,11,0.24333950937153795,9.623692969014488,0.0
0.1271406055143719,32,2.8463515405269524,66.04522402974709,1.0
0.15061531516022159,31,3.8051012770513437,55.00820453280383,1.0
0.10037555452320619,33,1.0159651586383722,38.848402075590286,1.0
0.20892199010167906,30,1.9107738639807086,31.718493410607984,1.0
0.3741433620096965,18,0.13284065348133486,11.381680122183182,0.0
0.3648383917884368,16,0.3080796698039434,12.617639342475687,0.0
0.2159677775891941,28,3.8257508833886607,41.36827415413022,1.0
0.3573636658167063,12,0.18694916564715836,11.826463683440146,0.0
0.17012051539827677,39,2.1796468545238326,61.619843228860795,1.0
0.13038401333633043,36,2.583751916625223,51.300687333983475,1.0
0.13599724087481466,21,4.221503167493526,34.51944555518503,1.0
0.13528386614319818,29,3.556083512630379,41.6183531045751,1.0
0.14117932714169196,39,1.9444957452850145,34.167622505185136,1.0
0.2887710436815347,12,0.1815225594041557,11.655671190310951,0.0
0.17562073039204246,24,3.4772645989113506,69.90338869849923,1.0
0.3753983729045142,18,0.17622777936111989,11.85872177931071,0.0
0.3611595669700248,17,0.3010661136588004,12.166804138138897,0.0
0.3889141180738208,18,0.26120982755954,7.9870096722409825,0.0
0.2533128671965276,18,0.316991911600163,6.441662104271156,0.0
0.27196023220404725,19,0.26860328246269305,6.296151767265638,0.0
0.37125336807996445,11,0.37088938531023363,7.62806220673649,0.0
0.2767510450192876,15,0.39321622371716203,6.323336133191644,0.0
0.25121049449856137,14,0.21789882082138456,14.982511432725534,0.0
0.21125608197382156,33,1.3016068485125305,52.73850893569946,1.0
0.15871237705182845,22,1.8054717357861199,36.57485477991237,1.0
0.3517265936415517,12,0.2687059167734275,8.135352522357556,0.0
0.1598760623462871,37,2.01730309171575,66.90157310470723,1.0
0.3575065590382359,12,0.31473910000951455,14.137248076129861,0.0
0.1418653664250154,31,2.957030329081918,47.85152922104241,1.0
0.16258966081112886,29,3.7257103798227322,59.26547504592147,1.0
0.3297278673006111,13,0.3754629006983129,10.108641902847978,0.0
0.37113030363986016,15,0.2798306232394486,7.420538692710501,0.0
0.3453406809298169,16,0.19473483318875934,11.973283377490796,0.0
0.11091651779277072,32,4.676335848895828,20.137384091092436,1.0
0.1827020219231453,36,4.7544009858972895,21.734300306975506,1.0
0.3614291917543636,19,0.38998818105569966,9.489806085560375,0.0
0.3332525048685614,13,0.29428899684836274,5.504129762478031,0.0
0.12364649136086062,35,2.960353393412649,55.306570043652115,1.0
0.12659960988057778,32,1.501207707633582,26.214489802699454,1.0
0.3542786776446778,15,0.1050282325269932,13.503878419158946,0.0
0.3802733199000241,19,0.1894441573204028,12.873990866450015,0.0
0.36358064463892276,15,0.11279276386769048,12.74608315080978,0.0
0.3849298582243166,15,0.2481792742531582,7.699591349846529,0.0
0.19961060238688802,29,3.73856033449114,28.610454488054092,1.0
0.2981766532220101,15,0.1507551558623066,11.176527065837405,0.0
0.1793811492338538,24,4.580665203909231,66.46907097937952,1.0
0.3054179999540465,11,0.1723997792431893,12.478097021312694,0.0
0.3964396590536232,10,0.14000372049778392,12.170454826153874,0.0
0.19009831818370146,27,3.147801734681134,54.37829054818599,1.0
0.35843366015223743,15,0.23297151365704147,10.49726894358326,0.0
0.26833607512758834,19,0.140969177417129,8.26873409511624,0.0
0.14102162289744855,25,1.7300429812846962,61.7442538390258,1.0
0.347152908321912,13,0.3700295214298571,10.288628034714915,0.0
0.3437037688395917,19,0.18551604522972232,9.889148358682933,0.0
0.1406257614547605,39,1.7196053619910225,30.686291540374466,1.0
0.16443791348655817,26,1.9920666813570729,68.35630737138288,1.0
0.10372919805711674,27,2.852209344376884,35.92568025098508,1.0
0.16859071672133308,26,4.262648395974343,46.66228133424379,1.0
0.3401244314996837,11,0.22079130450339138,14.81986111526467,0.0
0.10494704437564786,23,4.0325865770551905,38.838544541859044,1.0
0.12214593019330011,38,4.084383831333142,68.97215327872635,1.0
0.1899866469117159,31,4.910315195567464,52.39927841989582,1.0
0.3131883753992158,11,0.3635829282335826,14.155589695634292,0.0
0.11836767441782468,33,4.902802305404195,29.90901365358637,1.0
0.14010824659882642,32,4.521048107873751,20.71831657823192,1.0
0.3976229104674988,17,0.3487045659481583,9.511136621585884,0.0
0.12162354448819274,39,1.187399302897898,31.772997382718703,1.0
0.2071896045266982,36,3.225710228387737,61.24173043377799,1.0
0.36042989675900855,16,0.27579224662173507,7.914620520328563,0.0
0.31803077901809235,15,0.15615510365106727,14.700767726616405,0.0
0.347592011426034,10,0.1629557409768008,9.415091546781689,0.0
0.19919345473872366,29,2.404526322526589,45.03923571499616,1.0
0.3728224984331796,17,0.24493174454889835,6.50433267228022,0.0
0.1108738097735879,38,3.4936907240646136,38.7104495307366,1.0
0.30610236186272993,16,0.22646076511887261,11.159159765704036,0.0
0.33687547612035773,13,0.252496367124505,6.785262907244849,0.0
0.14792658575919795,37,1.0414975051909305,25.71206674078666,1.0
0.39526699181775116,10,0.10056621191877128,9.117046417608988,0.0
0.11855472146759577,26,2.809791084472124,47.53957153012215,1.0
0.11795618966023463,29,4.677613192386744,64.43348895890065,1.0
0.32833551201479244,19,0.31306353805988096,9.332774665021404,0.0
0.2759946083251993,19,0.11819212540190002,10.63097632670465,0.0
0.19025985503495596,26,3.005342114576505,52.505923125040916,1.0
0.2551496122411204,17,0.3237125986848902,8.63823758938057,0.0
0.3355613571081665,19,0.36354921872738355,11.418636796437946,0.0
0.3199942923437173,15,0.34114790135527684,10.679773809081656,0.0
0.32194457144079686,15,0.16795469284334724,14.456259467365868,0.0
0.16076595281815992,25,2.082351583049197,37.53985393519407,1.0
0.15123840701831393,28,4.539822691219006,43.327795161433656,1.0
0.3582612506615803,12,0.2986145731206986,13.818890515057904,0.0
0.3237854200226704,11,0.35812333318045386,9.598104750019253,0.0
0.18979053355090453,36,2.754036080227262,20.21858697048951,1.0
0.28515362794458954,13,0.3675720241836483,13.825463439385219,0.0
0.14548205353893942,22,4.568987480194959,26.791811801064767,1.0
0.27160361972325425,16,0.3366492595410648,13.95270272441617,0.0
0.3981905984506668,13,0.1914345381540244,6.678647344297084,0.0
0.3822787846065165,14,0.3764175469994214,7.492070471036444,0.0
0.29463311639107803,19,0.31429745341056414,10.631453727081533,0.0
0.1354979285837552,37,1.5259549532492556,37.04435250988922,1.0
0.2610944877830338,11,0.2788961883859514,8.054078403666475,0.0
0.2143521143854823,25,2.7964584341742764,30.990841328740807,1.0
0.3831815470775994,10,0.3932049046312234,10.905197919689611,0.0
0.34233070595532394,10,0.2744406111286226,7.171598634705035,0.0
0.18126933369457227,22,4.991104488262087,62.03829530910054,1.0
0.2913200952500968,16,0.2581070821319331,8.391919004978368,0.0
0.3249909870345354,19,0.33015319935797516,5.522302743591718,0.0
0.17636409262854635,26,2.092277854954709,35.52168510926558,1.0
0.36608267719785653,15,0.37072041232085595,12.080665295659795,0.0
0.29522208984139175,13,0.3237119501902631,12.675806020274646,0.0
0.12452902234156446,27,3.448811389903272,34.929830056763294,1.0
0.37302230484436694,14,0.342818319324688,6.299503037479114,0.0
0.1572704601247986,28,4.096971526284271,22.027183210401667,1.0
0.157829797431812,27,4.269869876658934,43.89599332706587,1.0
0.15171218762946412,29,4.6134147279725575,39.33385278934779,1.0
0.14705042250290012,35,2.853579189692343,25.30585719530518,1.0
0.2605196870778624,17,0.1795074096407998,9.94906968341794,0.0
0.134797285196317,25,1.3919890769637742,42.91818269526398,1.0
0.31409338091940425,15,0.13551817630205273,12.561122520179747,0.0
0.21539354095200605,31,3.532022191244612,25.605342128004267,1.0
0.10158050277979136,29,4.244835887765074,25.962468382359233,1.0
0.3155621169644551,19,0.2338213235211982,6.94808555474337,0.0
0.21346907141672739,32,4.786897744538294,37.860881270135295,1.0
0.13461474767011908,34,4.361538026514436,43.42073700762063,1.0
0.3079026398668703,19,0.33245192353332687,9.266000678442241,0.0
0.14176960832417873,35,4.209368016579436,35.26193985352961,1.0
0.3953562973804743,17,0.16537191710328514,10.833508422647135,0.0
0.14387211653951637,29,2.1400695311985123,36.59384211644951,1.0
0.2847168953801602,11,0.1587449764415966,14.66727987251027,0.0
0.3922898434323363,16,0.38476824893658645,10.934716759650174,0.0
0.17331583716287274,36,1.7914792144878202,21.617736664079782,1.0
0.21774668672123138,34,3.445216979421079,30.20504153728674,1.0
0.32520211555406925,18,0.2513477957422423,6.152945885427514,0.0
0.2644990910897452,17,0.25615200242074565,6.688528201683482,0.0
0.3463993905047932,14,0.16716741643820177,11.881197071453393,0.0
0.1329799233417191,21,2.4802917529790847,56.56725996561799,1.0
0.15859597187160723,32,2.969407691122531,47.65914336477813,1.0
0.38799498470797733,17,0.30703225836808545,8.609083161033858,0.0
0.21764160503154803,37,3.8205443682487754,52.896539173601596,1.0
0.39154052017217067,10,0.1328478292381314,9.63797911122035,0.0
0.13133130612988253,38,1.173283596251793,35.49140668727485,1.0
0.32313904219164713,19,0.23083711974454477,13.868494413043392,0.0
0.15552942733267935,31,1.7817529827285723,33.27562926692295,1.0
0.2172114652156969,37,3.231306032615206,57.20147006974867,1.0
0.2834596837649088,12,0.3269486570396152,6.823893662243639,0.0
0.15883645628019993,31,4.731745543240394,64.50985698187299,1.0
0.2914605350424261,10,0.23247658520211484,5.230990283804489,0.0
0.14055096382108476,38,2.2527151500394633,20.9119152157375,1.0
0.2642697223188141,19,0.20464654345202793,6.8804948667389105,0.0
0.2973285242894501,16,0.3802162591539864,14.66971642563244,0.0
0.30732199482632966,13,0.10200852811209506,10.514777001866214,0.0
0.18972530446638697,36,3.207815882104688,23.1116368276115,1.0
0.20707067400024198,22,3.245126213731403,45.024547605917384,1.0
0.3314164772863578,10,0.1726049179559232,5.067709818781719,0.0
0.156637363787981,24,3.3570642937322077,35.50598595084722,1.0
0.31859372148660053,16,0.14672438758156692,8.124923015290587,0.0
0.2781662551430239,13,0.3641515656637657,14.034929527903627,0.0
0.2001995799463313,36,3.25822346486165,51.15123928051766,1.0
0.21004307101141723,24,3.5743705947468647,26.224969594701385,1.0
0.12212131100553937,24,3.6166125609734596,28.02646730597598,1.0
0.2181209676980172,26,1.539930960005694,40.710573048321606,1.0
0.2518418116048519,12,0.3012943379706282,11.38494450569084,0.0
0.2685417556417313,12,0.30244767170843373,5.706155926475298,0.0
0.17533538360555034,24,2.230451233302861,31.26590584362977,1.0
0.12305471953834399,28,2.3275517880937793,25.103554228252257,1.0
0.3468300877483229,17,0.11971255817461215,14.834891896673417,0.0
0.2596525871375905,15,0.3010979531994389,13.976061050765688,0.0
0.1736283514685732,25,2.0584112407272284,59.66946670248813,1.0
0.36715648726641237,13,0.33315514572063565,7.841927016046878,0.0
0.3229811572326662,15,0.13096839715040592,13.357797153188173,0.0
0.21828865819422047,20,2.744847065828163,27.138113118654964,1.0
0.19027209025207542,33,4.675483919403087,27.42008581914243,1.0
0.21214593470287618,36,2.250391375617297,54.6243821007942,1.0
0.3288598602601337,12,0.3518802938295845,13.26421965016381,0.0
0.1438293915760433,35,3.7930720678231857,25.337612711540235,1.0
0.21516197369208165,32,1.9150319673900005,30.171648503528296,1.0
0.1152170812570672,29,3.1256748557900207,56.497053562629,1.0
0.3802900076030341,14,0.38030247894230274,11.752441523813324,0.0
0.3656101282747383,19,0.3447947303201832,5.015714162031042,0.0
0.17959871798768667,34,4.819021606329245,37.93695478625793,1.0
0.21351019513433872,20,2.0230117303206785,52.00931398768226,1.0
0.34233154857973846,14,0.25762914378965185,5.373866234835926,0.0
0.150912499547773,24,2.8651381649333194,48.444147576588946,1.0
0.17515907542611187,20,1.6421941692306206,57.98680187107027,1.0
0.28197812456691546,13,0.12404388617894267,13.032056472875368,0.0
0.18249766501132964,28,1.390966229387784,46.28228896439832,1.0
0.11312670051851974,38,4.872599760587393,20.953379598719184,1.0
0.19031818674625367,27,2.8919500126947297,40.61327400596381,1.0
0.34277931047380905,10,0.21719387751566704,14.030553044998868,0.0
0.1925736944353452,35,1.5665374821592888,39.691776087842406,1.0
0.1282088936885788,24,1.5912846180428764,47.399981663801,1.0
0.3154464828864444,13,0.17640108492253587,11.85375092530242,0.0
0.20176085622256346,32,3.7972181083548215,33.37738850910095,1.0
0.36419112732938697,10,0.30027472293675406,10.489641170536029,0.0
0.10604224622787507,25,2.4341453497308487,28.735960143738012,1.0
0.2640652816927907,18,0.23625602162363915,7.430424528273232,0.0
0.27409868058032943,15,0.20210731391542947,13.539236281262017,0.0
0.26583945221121813,10,0.349080267096493,14.66744357006654,0.0
0.3169181589510933,10,0.21309676080808407,10.915914906213251,0.0
0.3519761813314019,16,0.3141620473570924,5.860601075645539,0.0
0.157772942335806,34,3.4218739001725544,51.61404451223957,1.0
0.2730746633535694,16,0.37214529488601744,7.5455158272224185,0.0
0.2996859194637718,11,0.18150845801631638,10.618965085283602,0.0
0.2764714662058029,12,0.3248795163647612,14.514549904676926,0.0
0.15297948344203943,39,4.046664285120766,20.187802984942238,1.0
0.2771998522988953,10,0.3554945686400677,12.423862290519288,0.0
0.2702389222199987,11,0.22987092890709648,11.091834993681399,0.0
0.1356905324944484,27,1.6064431290555232,40.53020468080431,1.0
0.19505578663197776,33,3.5919360859852234,68.68905744872055,1.0
0.27539885397630987,18,0.12173464090063317,13.381327402539107,0.0
0.31952946210060673,18,0.35599550109011724,8.75320682675459,0.0
0.26495687161257736,15,0.3612904643279332,5.413672800809794,0.0
0.13126301452033806,25,2.7826014754815804,41.184933787386186,1.0
0.2990709517900866,10,0.148651763985298,10.7320770123176,0.0
0.1067271511997033,35,2.891768257601827,50.82239975248024,1.0
0.36851602847138193,11,0.2146470150238689,14.901976219193752,0.0
0.13523749689222037,28,4.585047165777375,25.19125749362258,1.0
0.25142095907355144,12,0.353590606989292,9.792035638250802,0.0
0.31310217124666945,14,0.24725293046757504,9.968988777652267,0.0
0.3061049666442678,10,0.38039258579428303,7.446515943133216,0.0
0.11546051313806542,27,2.5572604956014824,28.16393119679205,1.0
0.17588564167514004,20,1.5280113784178782,21.463140525427704,1.0
0.32856107242220356,17,0.12802166698566747,12.737934677030523,0.0
0.1526488142933773,20,2.290416072235434,50.1187526457353,1.0
0.18186989696235595,38,1.2275178117731396,21.003180311954704,1.0
0.3481895222261728,19,0.1001508063149449,6.672579262936445,0.0
0.2567271892773463,14,0.15719196391722493,7.381429554430213,0.0
0.25695715328619717,16,0.10612279998758932,6.590034957060933,0.0
0.19318890263402025,22,2.307784717929356,28.971617826034986,1.0
0.18281408711239416,30,2.151541359868167,27.66115650783356,1.0
0.2625056939162816,17,0.26761495994378537,13.694969382397355,0.0
0.25096406843648855,13,0.11022349552086647,12.954725869144413,0.0
0.15520068499008374,30,3.024521715503473,32.13832881761107,1.0
0.13518207921177383,32,4.74648933305356,61.94217458655507,1.0
0.1626810944408072,22,3.5248460256686225,32.27785331216222,1.0
0.283264423797898,13,0.1626111337689531,11.160567221272524,0.0
0.1332147640934906,25,3.316512250619285,27.309047148127853,1.0
0.10454728901976366,38,2.8078877742047603,26.357122944463214,1.0
0.17135486414796275,33,2.336646648033611,59.85313825032136,1.0
0.10526534159954834,33,4.026933688639838,44.306983203566034,1.0
0.2941543501231057,11,0.199349729899038,8.318791566841757,0.0
0.16413359329386473,25,3.2285107652259755,57.10221874089381,1.0
0.12464971558446357,25,3.66793497949615,28.757637590989,1.0
0.172765505431505,23,2.867457496350074,63.903535492895855,1.0
0.19550843155533992,27,1.3135374298735094,36.272019156609325,1.0
0.1087589865137974,22,3.7085990237336146,47.77989929575536,1.0
0.3660496691426172,11,0.22921256389449493,10.552775537884868,0.0
0.3847778044562124,13,0.35598373966620356,5.775431513958798,0.0
0.14441773367061733,23,1.3052547179925775,42.70792597798966,1.0
0.21032435707939182,37,2.173853875648764,52.09015746492617,1.0
0.2715026748062201,19,0.16946440090045323,11.397784950150328,0.0
0.16683544143992396,30,3.910202948266393,52.52268787231954,1.0
0.17914573787613516,24,3.426513579417438,59.360355429186775,1.0
0.30419372585467025,15,0.23506201101659818,14.25132517733662,0.0
0.30687876733892805,19,0.2752665955903587,6.627095842243142,0.0
0.32497783827698956,10,0.345452971074122,13.132622063823012,0.0
0.1032960137453661,39,3.2767040107635106,65.21742422167469,1.0
0.21453178777746545,39,3.8459231329060524,61.86689765590297,1.0
0.3149459553659529,10,0.23664057273088787,14.5124660201165,0.0
0.3802835938334479,15,0.3906611572243981,14.534894953861588,0.0
0.36256238802932583,10,0.38435035091917924,10.532149893337486,0.0
0.1087270085044228,29,3.5673432309707747,35.26174176305182,1.0
0.30952322322193526,10,0.24959440879087216,6.326836368368211,0.0
0.3146965754360376,15,0.13117796617728564,5.728787716225455,0.0
0.10333457846508742,36,4.059498160010227,46.38858394408509,1.0
0.3475058713232783,19,0.18959820535532862,9.490147919771893,0.0
0.13681114483088846,37,3.310841688910624,26.28207525994547,1.0
0.16008662185421088,29,1.508698706393648,58.18040469197896,1.0
0.3743740192560723,19,0.24167609057798334,12.486784997783507,0.0
0.21633646377948734,34,1.4483063479573728,25.06406192921794,1.0
0.10082528350340839,37,2.578509652101662,27.514039762445442,1.0
0.33415081093711874,12,0.1299346154332813,13.632207080751007,0.0
0.31671917260559257,18,0.2748102012194794,10.738314748727074,0.0
0.2976689120313764,18,0.310874825558378,5.478569732173204,0.0
0.18157781810124896,33,2.109039122364647,48.080703961616564,1.0
0.1908317956987765,28,3.1723474349592213,54.68981097681846,1.0
0.33487742955134897,11,0.3381199503505905,5.547971043248249,0.0
0.21250471246210673,20,2.314612914956952,39.02684345603181,1.0
0.3776012865515879,19,0.23297565257104144,8.605973654214289,0.0
0.28438049949708244,15,0.2780093774211335,7.087426991364968,0.0
0.3453090853763563,18,0.12191170802247119,13.65892697390089,0.0
0.35612343498338983,12,0.22626198860518196,13.89947390925531,0.0
0.1349111093971433,37,3.152028955594898,47.584381766286874,1.0
0.2991909210671611,13,0.33889646776036764,5.680074353481357,0.0
0.2817906192711829,11,0.32098080307554805,5.400259816026117,0.0
0.18445866537331668,39,3.5865184022093155,55.35551511373763,1.0
0.20385109838268356,33,2.192468827897967,34.46468187156123,1.0
0.2926804131510685,18,0.34304173730472365,12.541658994252899,0.0
0.21501176384011922,35,3.2994359107079845,45.62935427645693,1.0
0.3577619444758505,13,0.24458327728744106,7.209118971762375,0.0
0.21791305885375611,32,2.9605217966034636,35.17310138509163,1.0
0.1373641160098763,21,3.018896178938954,67.83494598331842,1.0
0.1970822297646282,25,1.2210265544140841,55.24506483506796,1.0
0.16733751966337285,37,2.105197557006385,64.87629854366978,1.0
0.1173650431088214,27,3.48540095242502,40.776709806821984,1.0
0.18875647999033635,30,2.2517231073500716,44.85549341528454,1.0
0.3514108433409221,15,0.3122670884059823,8.377736564127277,0.0
0.3290645394073274,19,0.28805496611581094,11.728557118126076,0.0
0.18865525967433153,37,2.6520151067464766,28.238558966980918,1.0
0.32771303194819357,18,0.31861364904623635,7.230841695083728,0.0
0.3046512149261629,17,0.38948973285271105,9.082207881377276,0.0
0.30935692340279064,17,0.26355481510315426,14.233112487794461,0.0
0.21811379805911427,29,1.4496512695571684,31.929967640304625,1.0
0.13509665498326184,24,4.664056782634811,43.927021173239865,1.0
0.34363966314679617,11,0.20311221406011631,11.800343032536151,0.0
0.36501896813184187,11,0.31693840005675666,9.869954276304782,0.0
0.3857898695579302,15,0.2934043008909589,9.621603820609952,0.0
0.3264603720604488,18,0.2684077292690592,11.868818968582922,0.0
0.39732953450126773,15,0.18893919071256776,11.380034459694716,0.0
0.14035638066390171,32,4.15869968475366,63.49519259641851,1.0
0.3912270222350339,11,0.3189593237399051,13.450034251162476,0.0
0.15575051613267457,28,4.990802717334797,22.1944639457492,1.0
0.3287491655665202,13,0.1970624765034606,14.39243170277882,0.0
0.29124292067536567,16,0.2556261735092553,8.968682083800623,0.0
0.14550577938412898,30,3.250769609134401,58.502671724955206,1.0
0.3575388574924843,17,0.1974250542670889,14.39202095041066,0.0
0.2644242190450319,10,0.3974056443418812,14.542650090053048,0.0
0.12792000433690479,33,2.6624195228479364,28.832107518857985,1.0
0.2795706569207194,19,0.1719131582492368,8.668274165208137,0.0
0.36062852588843275,13,0.14209410764345276,14.034721705447888,0.0
0.25780051644485635,19,0.2629948129834415,11.649345733414028,0.0
0.12795818137178125,25,2.314962522116796,37.62034190904234,1.0
0.16043117283253489,26,1.228299301863807,59.37668786185491,1.0
0.11355689540856845,22,1.83387136844166,26.35996454583666,1.0
0.30395451749931823,18,0.35602989025615794,11.473747217283492,0.0
0.11565220011831376,31,1.01356833114518,53.81608115457929,1.0
0.34677660939342747,13,0.33172493320444885,12.498778688489526,0.0
0.19818721451092008,39,4.904620549846015,39.113512021701496,1.0
0.3760285872314518,13,0.1077428152993504,11.026660839789457,0.0
0.16987262501350622,37,3.0929506349742537,49.11098651255857,1.0
0.3037059637321119,12,0.2094371345673091,14.063243739186698,0.0
0.13694936955924183,35,3.984951936196318,25.375278626779277,1.0
0.13303381939297285,28,2.3400099696573866,65.52052876943463,1.0
0.29644049874026424,17,0.31299704340032075,11.975755070352632,0.0
0.3804030165510065,11,0.22891361518300637,5.508520375988638,0.0
0.17166234723411836,35,3.1760839595597776,43.828353813264556,1.0
0.21937884952288994,26,3.012913307838274,32.034231642354484,1.0
0.2815440778179774,16,0.22152612839551072,5.057424954177976,0.0
0.1273479515217933,39,2.6655248101386384,36.544531834233396,1.0
0.29563401878749973,15,0.2833490246066741,12.711790580548872,0.0
0.13232373847544915,21,2.557047440253173,44.791846858671406,1.0
0.11239856124564528,38,1.9721300192493385,35.113330323926576,1.0
0.1671710730513448,31,1.7535763048496684,45.919659435588656,1.0
0.3635427369232836,14,0.3212651064348909,12.174392698591536,0.0
0.14578223313849586,23,4.108540254284536,60.715651500231886,1.0
0.15071571902446873,23,4.058536142579081,38.85341547139266,1.0
0.19449213337224797,29,2.265140700252923,28.221047873106702,1.0
0.21146038496004538,29,4.196852134712431,21.439216834949754,1.0
0.3487479489864105,16,0.15028533419268272,11.300636155086139,0.0
0.3635556168567128,16,0.3960672153642124,7.107042790522328,0.0
0.2723566616122227,15,0.18579282296545524,11.5675434991986,0.0
0.3626207186429361,16,0.39187058916054496,8.021612677806516,0.0
0.1317541684949539,27,4.173262430503672,24.70049389411748,1.0
0.29173557264060723,15,0.3406191127283441,13.410512273808548,0.0
0.26790104478260546,18,0.18204518660987795,12.673413770524533,0.0
0.14697152212323011,38,3.9357522903177595,38.38588534879045,1.0
0.2693547359690047,16,0.3431582283135184,11.211835204776516,0.0
0.18689002780147312,33,4.6688527839827785,22.727283610761038,1.0
0.25100790701945797,15,0.11618347931185671,12.686296235508326,0.0
0.2876978857784458,16,0.37323499597909515,12.034639946904912,0.0
0.30424001914033233,11,0.15512268419100078,9.267282099333055,0.0
0.30096242480869473,19,0.2566032080436747,13.34305020897421,0.0
0.29412350030729223,15,0.29218945875644775,13.096910839475244,0.0
0.1656942187966993,20,1.399636465234329,55.22355463715156,1.0
0.3111022329778548,15,0.102543362852151,13.078146623438585,0.0
0.38538027220218773,11,0.30419907251837913,8.853524047363958,0.0
0.37013695074093833,17,0.18131322996454163,11.193014754868667,0.0
0.15905148070840758,27,1.1113571474034476,62.829418968732895,1.0
0.16649652214650174,39,1.1293402803170784,52.999965535412166,1.0
0.3756344240252842,17,0.14705903770476655,7.252006455456473,0.0
0.3543531133143067,19,0.3732878609337664,14.62859954687447,0.0
0.1602763900904301,22,4.548740176078619,27.9941329071674,1.0
0.1577540702439897,29,3.382102271443705,22.129927314807784,1.0
0.16771426238733908,33,3.9820130152425466,34.82968319442425,1.0
0.3223580248034922,15,0.366864576237517,10.147710795050173,0.0
0.2812038497651659,11,0.2386343410246444,13.989485949264566,0.0
0.2702787563213874,15,0.2699109505406963,12.670801236023099,0.0
0.28292144869127434,10,0.30669442253396806,5.846216659455427,0.0
0.1635197277220981,31,1.5399645860202353,53.554321526242646,1.0
0.36229461844944627,19,0.3191792241125998,11.374976866610346,0.0
0.25393782259458547,16,0.1591515916072101,8.70301530017122,0.0
0.14883937133694686,20,2.9624775860935393,49.3444209784961,1.0
0.16033146711577212,31,2.7576385233492853,25.604872466051763,1.0
0.2943360410170067,13,0.17956439626457377,7.608368292554994,0.0
0.34837990209642045,13,0.14357264819381643,12.58753946761659,0.0
0.3822659729846999,18,0.29337562179846455,13.462426667339377,0.0
0.30902248296625584,10,0.17547678887145635,10.527246980931203,0.0
0.25891282380000846,10,0.3358255404624715,6.967755290896585,0.0
0.1590502834653852,23,3.13651423967338,42.42663815399099,1.0
0.29174087238251273,19,0.3036047826368477,14.500980331804346,0.0
0.39822419384741203,11,0.3909327144795548,13.510566606130588,0.0
0.37675757712602986,14,0.16120493771322708,8.159132635725333,0.0
0.34368832620864165,14,0.3255366064914587,7.375292802976681,0.0
0.3154907174184931,16,0.39553025555946286,13.911520403870796,0.0
0.38588352371624157,14,0.3811047077428035,14.12050248024228,0.0
0.14155207148842142,26,1.014567995932679,33.811477824284964,1.0
0.25960403162110657,19,0.36344137224595396,9.03302703700423,0.0
0.19877430191356238,32,2.852020570921924,39.85709497108561,1.0
0.1652835948767797,32,3.7960918460597193,49.220099286212566,1.0
0.16127997804477373,21,4.69428051966072,69.96917679723984,1.0
0.20553371471600979,24,1.683070239763265,46.00931644383422,1.0
0.2592180983651025,16,0.38421189089764085,5.926310775882083,0.0
0.3922294674647312,16,0.1953941008645157,13.90793776262236,0.0
0.268740089132712,14,0.22173288613792583,5.609828657728747,0.0
0.1702080045066857,39,3.3057207624103646,60.80097881528032,1.0
0.1593388076073609,25,4.463625042482113,24.954112998460367,1.0
0.3620868180525993,13,0.12741250417630168,9.603039655119048,0.0
0.18876826844820274,27,4.230405733495664,49.11646799329243,1.0
0.1334678621976909,33,1.7381844008314125,51.92715680157307,1.0
0.18478555443257022,25,1.3661855692345317,53.45759593913147,1.0
0.19531663714408248,22,3.688640296509309,45.99061711106103,1.0
0.10341049640832135,24,1.1033145787922956,32.84572487627436,1.0
0.16050571594233348,35,2.237501600977698,60.34118114022495,1.0
0.3209660070685785,13,0.2191969852446286,13.371508523759141,0.0
0.389039525455253,13,0.2024152499619376,13.053040808866902,0.0
0.3503701179528468,16,0.2775785883222542,9.218861860734581,0.0
0.1016135157799873,35,1.7458440103341033,59.00989684074898,1.0
0.15192562659157693,20,3.8094636365160843,56.05897572611889,1.0
0.3772483114853217,14,0.10955181145540616,8.793147964245346,0.0
0.26634752316623084,15,0.1861171459599169,10.405111856645952,0.0
0.29401415193062314,17,0.1644931826783554,9.833767446073658,0.0
0.1493499379574482,25,1.6591461132387861,59.116024783913105,1.0
0.16524934225640853,38,1.268310537681614,20.485841724333763,1.0
0.29637666955503333,16,0.24299421823419812,9.482626695618904,0.0
0.36507843834586234,11,0.17086178462618679,11.432276303901343,0.0
0.37935125956827337,18,0.3575818479499231,9.520309152520682,0.0
0.29320011100616156,19,0.32862012757603254,12.532187260989215,0.0
0.26656599101059825,13,0.233159055465308,10.89328587804679,0.0
0.3822946701065296,13,0.28208052342436607,8.22939450021849,0.0
0.38200573250162906,17,0.25840566836839646,9.098024749557414,0.0
0.1632093320438168,30,3.576323044218771,64.03869105159751,1.0
0.10982959349167166,33,4.140227115326147,61.144501273503295,1.0
0.12429382241126614,23,3.1725777256877206,62.31568993713354,1.0
0.15213713551703648,38,4.4027152921474935,64.47843034251996,1.0
0.11614267186605397,29,2.583123434133983,38.195268881752035,1.0
0.1415282026565073,27,1.6460894762508387,33.585263573730685,1.0
0.2061619718985981,20,4.377621872611471,50.15393885200728,1.0
0.32618566250718084,14,0.2877698250857487,12.914101904364621,0.0
0.1652721401507883,29,2.016105491555369,29.395077071553978,1.0
0.26412967894869777,14,0.15163573420559473,5.726348888381581,0.0
0.3935790973105522,15,0.22454082035184922,9.444996074876501,0.0
0.33100109589011606,17,0.22197080558627502,5.855235616197669,0.0
0.36152696289889164,14,0.1051654542656105,14.994463144011284,0.0
0.2685419743629225,11,0.2877762710453795,14.951816938899826,0.0
0.15682299998688712,31,2.490833606866276,38.25974205186781,1.0
0.33547587842408705,10,0.3814668800732929,13.547828611387908,0.0
0.19376730308234136,27,3.81629713329397,28.128494327326457,1.0
0.14540885887949156,38,4.100696917280385,35.27855603481215,1.0
0.36842996883053486,16,0.2797999057643108,9.806795747953267,0.0
0.13878025685738105,24,3.9904952566835,65.9874660452758,1.0
0.35430767888893,19,0.3388021359827768,8.54070223825256,0.0
0.3160339220590903,13,0.20868051677778626,6.547049422593338,0.0
0.3852688520100884,16,0.30708372100617853,14.051724981320158,0.0
0.25942811382415865,18,0.2436504828393099,9.487651772030791,0.0
0.20927732151286402,23,1.627693163952308,29.832436291601283,1.0
0.11817013004591848,28,4.872244043316339,61.10032198978492,1.0
0.345954688340753,13,0.29980423370890197,5.582978122079895,0.0
0.20623735858258327,20,1.1437024907496691,24.617206325599977,1.0
0.36078842142011236,10,0.20993166813405761,6.221434700692789,0.0
0.10096406936751744,25,2.2233308905955993,29.18389572118149,1.0
0.1649819021127869,34,2.8624883263179646,48.46778619131459,1.0
0.18553510760887476,29,3.8099476940449866,39.78438955186458,1.0
0.29960518912829803,14,0.24183663466819744,5.249902330890574,0.0
0.11761283910921833,28,3.453882023059172,31.079232928084565,1.0
0.15857289593797796,31,2.0765569571450073,20.36573102228616,1.0
0.13708452877820734,28,1.730137001439319,30.310725509904458,1.0
0.21571708188655697,33,2.192746686179768,52.82050358165005,1.0
0.12918401465161392,32,4.365819472815813,42.95158657779699,1.0
0.3806898207389143,16,0.2484979411036791,9.820493699552703,0.0
0.19953012918025587,32,1.8816697119105479,29.125137430238617,1.0
0.1328473174872178,39,4.302561481346626,30.437413594776203,1.0
0.36822648164455013,19,0.11038912027382025,13.350102028027306,0.0
0.21390443205904314,31,1.2470424762172145,27.29808978396248,1.0
0.20861410873798153,33,2.983685027657584,30.30610926632405,1.0
0.18328156240715496,34,4.24477978752228,46.3517066639774,1.0
0.15648900890907183,25,3.116108084184503,51.47742331226122,1.0
0.2759773946438632,16,0.3092673663176827,8.964762857293636,0.0
0.3068351705928602,19,0.15500526456124838,5.660689743361976,0.0
0.1904796907986942,38,1.2702053894266712,55.09343328501199,1.0
0.10238500575935719,32,2.1817698450733403,43.551932329936335,1.0
0.1620199076783785,26,1.9368089375504587,57.80708902548242,1.0
0.17535449623868943,28,1.5392814471863776,51.25520026706801,1.0
0.15943617873358057,36,4.849653787704748,35.286879757127494,1.0
0.20327435028092583,39,2.6613822122974287,24.434572824374065,1.0
0.13274692637918614,27,1.770677825878166,25.605699558128475,1.0
0.2144656799982969,38,3.7668771754057504,58.7822094911072,1.0
0.11246497900898336,26,4.342962409679202,68.87730911743131,1.0
0.21637886710599352,23,1.5165778553012568,41.56724122800384,1.0
0.15577802379948205,20,3.7480218744720175,59.305270559368736,1.0
0.19028332656835584,23,1.3349396561364273,24.689048883168176,1.0
0.18777874302963976,22,3.2711538031735006,43.160570130184354,1.0
0.3506545856566108,10,0.16616268314531063,10.91753859641582,0.0
0.35729952351238403,16,0.12514678329791812,12.119486421319708,0.0
0.3099011455120804,14,0.32514924885278923,13.169715652799065,0.0
0.21727980747584663,36,1.4408377263397556,61.61490245673215,1.0
0.17568906989810024,35,4.456691934306454,32.2782885015634,1.0
0.1345988758541087,31,2.3018206321464736,41.9213015740326,1.0
0.20666353256274134,36,1.0164235342472625,21.57838709844091,1.0
0.2995015979191429,15,0.16668098533572667,9.061510265077391,0.0
0.3002599040015141,16,0.27718231647176134,5.017731739755778,0.0
0.30860785825207393,19,0.2264120374691488,11.87572586313593,0.0
0.2697966721332052,10,0.1789978401670418,7.625504214116696,0.0
0.135660640772107,39,3.269640955334223,29.908493656113254,1.0
0.16649719419172493,36,1.8581248272903803,53.19574121117505,1.0
0.2893885431420511,15,0.3469423452137729,7.743280487209772,0.0
0.16782301255462373,21,2.744081596853743,66.59543247812465,1.0
0.13676492887877836,36,4.095277312699494,69.1404327070081,1.0
0.1840183807832882,35,4.909602639327776,25.657397887597746,1.0
0.33372527169891775,17,0.3587883423723164,14.344958936821527,0.0
0.36770841961427403,12,0.2396646772409747,6.273591832007707,0.0
0.36910793228634675,13,0.2244882251818326,6.317109123481948,0.0
0.14855968011118564,22,4.92762495210106,37.82700695925296,1.0
0.21848771868685551,33,4.5513411500261025,22.800132839496065,1.0
0.2917888864535904,16,0.32896909486754355,14.723560649605357,0.0
0.11770619022310275,26,2.590188084855436,43.46850423407173,1.0
0.1699274774437176,36,3.1385011398451286,45.17342334670905,1.0
0.21612578728866078,25,2.4234454429012087,32.304857455473524,1.0
0.1171570711805526,36,4.579181942411864,52.14053158914354,1.0
0.20772059169277754,20,3.921021477876228,51.90744999236931,1.0
0.20158898851690776,38,3.3654223547751814,36.468721251122474,1.0
0.2904770118542429,13,0.3978954790938408,9.377449225513026,0.0
0.12917495714692712,39,1.5707347520359054,32.44943234740607,1.0
0.33118707138404413,16,0.18376181587620286,14.344690562306752,0.0
0.3982445846800603,15,0.23412438627027618,5.995325967287571,0.0
0.28616447615581286,19,0.1793030186298606,8.468357769712675,0.0
0.3717222393183638,11,0.3386610891917138,6.914214046686853,0.0
0.1728712863830656,25,1.105816061516403,43.88150460302384,1.0
0.2763695146373829,10,0.19312606842341695,14.871922387011784,0.0
0.14868969320500347,31,2.78521735947531,67.35737572849474,1.0
0.3099917197941702,19,0.2176513095033361,8.716718975815592,0.0
0.39506852754497257,14,0.30657429017997384,13.065167599708575,0.0
0.304208847193799,19,0.29421868949159136,11.168414296894069,0.0
0.29736643452949896,19,0.23955906648644057,6.297795832049797,0.0
0.3232149615531952,10,0.27474565894292935,5.542137900747619,0.0
0.1318542449763292,26,1.074491594872867,55.13439324847199,1.0
0.16574354721827395,38,2.67961158461573,41.22035913933982,1.0
0.3454979657829849,10,0.2913160785044102,5.438384962972446,0.0
0.11519561081066987,27,1.0390959000592144,44.792670244369496,1.0
0.2844203023365862,15,0.1300608462485151,7.900224469590968,0.0
0.13477318499379293,25,3.357141097153647,37.61451163029888,1.0
0.20786290753347406,26,3.113088722862027,25.40091636346635,1.0
0.36267837435116584,13,0.25580092849458314,11.40922236262247,0.0
0.16538032510439804,20,3.62544436543227,30.811383139918746,1.0
0.28024648978773004,12,0.12283652800156757,13.83717179391833,0.0
0.21916763510317316,28,1.4405938743047102,48.19925592269182,1.0
0.3262945697311166,10,0.3804793152233328,12.217803862965377,0.0
0.31179389525834034,11,0.15785984253785323,7.0099868275911215,0.0
0.2562710720707774,12,0.34013142922835826,5.502676658181464,0.0
0.15004763242634292,25,4.190330074624621,51.1378323730701,1.0
0.3884825624950054,14,0.19741354806360406,11.66748569296823,0.0
0.15258940042641655,27,2.1896453484856826,49.68449532615026,1.0
0.2515539559141279,10,0.31700999475900726,9.183471274670111,0.0
0.3490098087895268,17,0.3830825365257833,13.107083877451588,0.0
0.2903883768796066,16,0.3787448686567656,8.167988732884284,0.0
0.10327128848516383,25,3.149131013518324,44.70194044222989,1.0
0.1438692927148561,22,1.6716957097298013,33.041179818492125,1.0
0.2766642111903766,10,0.1824438956371136,13.727334996392582,0.0
0.12741718327409185,30,2.993714226737858,69.20894925017822,1.0
0.2081732013530871,30,2.1969240102188095,61.21447542312832,1.0
0.10048763842049466,27,4.98218514635394,69.15942972158291,1.0
0.3408112326009955,12,0.26860312923957597,13.372920178191885,0.0
0.2510932773036631,18,0.32741972360694444,9.258249593690229,0.0
0.2835482019903405,18,0.2575213403486727,13.782462739433198,0.0
0.35294726776335006,19,0.3834271802039342,10.34461573266469,0.0
0.20966527636426255,21,2.642098636409718,35.49783442556101,1.0
0.19471830810605018,33,2.7085204112773416,37.360873584002306,1.0
0.3474508608666393,17,0.11484660660311138,11.745580560672812,0.0
0.178858073906595,21,3.6969083152926903,45.92429688565985,1.0
0.10210846020023359,21,3.5420200639034216,68.70253033148634,1.0
0.39316785525169984,18,0.15463425370715653,6.88803260449511,0.0
0.32408575359737535,16,0.25045031501057424,10.717729305251929,0.0
0.14823995671749168,33,3.201972299907832,38.31321439042703,1.0
0.10936478630394825,26,4.872384168061798,56.34983335011178,1.0
0.29483537449548686,12,0.392994253820905,12.880563289643678,0.0
0.32284613525311134,14,0.17453484473354763,12.657101204262263,0.0
0.38138655595922305,17,0.2864122445222994,12.179642315888348,0.0
0.1318451004365128,23,3.977544709560256,43.55806413653158,1.0
0.21713381822619104,29,3.2623796725569356,55.58865517265904,1.0
0.2001479261659737,29,2.0297518896220823,45.97201096129457,1.0
0.29247646167696895,12,0.29259127933214196,11.246993832775805,0.0
0.1337932362788873,31,1.687349384773197,34.58483456944286,1.0
0.3661420139854442,12,0.3105572428913994,8.552371272201828,0.0
0.13257191119863376,20,4.33112045943192,58.23834483757827,1.0
0.1295892946397153,34,1.3000790466010326,64.10038076272161,1.0
0.3708656002219304,17,0.33852830476139273,12.921713926515753,0.0
0.19637317654246467,39,2.8912879025916625,48.76160699468835,1.0
0.32480615581899996,17,0.1803152512223744,6.475986564704562,0.0
0.1871354081197158,27,4.683720570129553,63.262339072194585,1.0
0.3599063062874205,12,0.3396651389981105,12.750572953871906,0.0
0.21796497895040406,29,2.9676986966710506,26.085399414549236,1.0
0.32153227599949274,11,0.36734289590325486,12.63679808878146,0.0
0.19996032799332425,33,3.7163748842410507,65.47617550536609,1.0
0.1571151985847174,20,1.964994979393762,40.02191556141563,1.0
0.1983176566860313,37,4.998032762613671,24.76615291546506,1.0
0.374687698431115,19,0.1507708739993589,8.182745493015808,0.0
0.33659458447423685,19,0.17809139248740163,5.646973480512729,0.0
0.341463528353012,14,0.24660810321989235,8.078374180634837,0.0
0.32684631905975065,11,0.15147606527546953,5.488049922885581,0.0
0.3293936465874569,14,0.1632117277891006,14.255269444045856,0.0
0.12173490089456215,25,2.68213054668515,29.641554313645173,1.0
0.12431478525206427,36,3.315650807609179,55.32215470162233,1.0
0.11248462292596982,22,4.405270875246616,29.30065668523195,1.0
0.20943917362177555,30,2.1923711972467843,49.224166216818915,1.0
0.1269152944218427,28,4.244824720649994,28.077409884564958,1.0
0.16729591959669346,39,3.889152424109281,68.48154099650534,1.0
0.20445101226020124,22,2.8409695904751415,36.04274087353644,1.0
0.17202119795192589,39,1.933430270081376,53.29748158612857,1.0
0.19408144539240954,27,4.61288031867929,35.49527106299415,1.0
0.2554120539653633,18,0.23493367136567825,5.8129205791257945,0.0
0.32720670867435986,19,0.10071051544737847,11.458571536151478,0.0
0.11101292584336425,24,3.491887738203815,54.968492478380256,1.0
0.11915793410626707,36,3.9888317289683806,67.9372777468432,1.0
0.3070188288991861,11,0.3817094673695006,10.088364952670736,0.0
0.16661896108349447,30,3.482818075453999,52.6329926871382,1.0
0.39025456423887117,15,0.22529373458509874,8.545106244072016,0.0
0.3929309431036434,10,0.31066184255484725,14.14435522924732,0.0
0.18360073543265898,34,4.43458992335943,22.12505831822935,1.0
0.30690830277185327,14,0.1632942342393982,12.206868555046206,0.0
0.3124218088952342,11,0.2633250026332762,7.58324867549257,0.0
0.2766409427750353,15,0.2233706807931755,13.406922432551667,0.0
0.14211138988661143,37,1.8265146018275762,31.823011582707665,1.0
0.3424513960886241,15,0.15596693420944846,10.099580932678212,0.0
0.13605424298024463,30,3.4760487574339294,63.83754111308794,1.0
0.11796446613397357,38,2.743893482174162,20.915268876793725,1.0
0.3611342052628289,13,0.1791495560825881,7.718529518901524,0.0
0.250680362825531,11,0.1345200749212494,11.669350957129765,0.0
0.2990844803001438,10,0.31599367394306055,9.893347885307389,0.0
0.10058959560483202,23,4.58833526794867,51.69943719721226,1.0
0.3657833738444417,12,0.35533123951006296,5.607994380232686,0.0
0.3572778144303996,19,0.3123412517058627,11.944906418192858,0.0
0.1901994168263012,32,2.2835647116027142,22.025327560839973,1.0
0.3708982549868816,12,0.24209161935700016,7.558540107227195,0.0
0.3570503230965367,15,0.3185972299725245,12.704897056820883,0.0
0.3159456129905821,19,0.33663805721733986,8.878510753694504,0.0
0.1437628792790298,22,1.0793957802073129,48.35278930097,1.0
0.11476060172249354,32,4.400668837050132,45.79219342028033,1.0
0.11688893858676509,23,3.64790137059567,46.03867702032745,1.0
0.30436758730773195,18,0.36547035435710395,7.170321371412427,0.0
0.1793930185812992,36,3.1676588656347904,51.43243588573161,1.0
0.2932308380479107,11,0.2045019309530978,13.738135944363924,0.0
0.15160071122461682,26,4.713840610609077,50.18069442446088,1.0
0.21338648229849896,38,4.6980268489145445,57.20871564201908,1.0
0.3936149316583719,11,0.2726201284249348,9.698090545089988,0.0
0.3067697731481886,15,0.1748699663521207,12.972783622141547,0.0
0.3822398406604437,13,0.16686272381370665,12.942523476323178,0.0
0.14995405833736553,33,2.287839812865255,56.50429066608729,1.0
0.10429290058679912,25,3.7871487248525897,46.607047232800035,1.0
0.19491914661566556,36,4.863825405976796,42.70530714568585,1.0
0.3581722074208177,13,0.2684948339683294,8.692857203088298,0.0
0.19811727889735598,27,1.302464563480691,67.51991264340626,1.0
0.36627738561941436,11,0.30451037763892697,8.001329156492714,0.0
0.114513094812838,39,2.455370891747143,28.95577490496992,1.0
0.1266348343408047,35,2.633381321502917,66.07435198545978,1.0
0.3705017795350922,19,0.15148185930193542,14.743856150949524,0.0
0.3013365586508519,19,0.2392246408659664,8.327579546221608,0.0
0.21901466919342663,25,2.170856364212926,58.712373701088026,1.0
0.1825110446528796,22,4.2768400317924975,39.43049883168379,1.0
0.37098676865105606,14,0.32088170772420377,14.358273684780777,0.0
0.12554437891157585,31,4.697767371402499,22.844980176369,1.0
0.30506367152778974,11,0.3308047241304661,6.798968825420535,0.0
0.14443265990504697,23,4.2447526380120895,36.592972100338365,1.0
0.1957427273549761,30,4.11599207044132,55.40047379143487,1.0
0.10946218744356762,22,3.138866773927593,26.447867440197808,1.0
0.15998232315023542,20,4.825796124032271,55.862175550969674,1.0
0.29770831185519175,10,0.3602043884126038,9.94930242316033,0.0
0.39088226493918016,10,0.12610847353060456,10.116574785125785,0.0
0.3646230357885056,16,0.220296244817516,5.390745558398791,0.0
0.14592897784928785,39,1.0821436776255324,55.955186365764995,1.0
0.3499633560517542,12,0.3168221473393421,13.913987406058215,0.0
0.12314854658206459,39,3.294721879741373,38.04180298807234,1.0
0.25682774810425796,19,0.22833096412602302,11.732480087712243,0.0
0.2610623412914869,16,0.2859616896613826,11.637426645672162,0.0
0.21982105471981217,32,3.492462394757331,49.30650067744082,1.0
0.12940241265721114,34,3.3588795619719227,58.76697748606631,1.0
0.35732443915622425,17,0.2786383505187109,9.07663481063716,0.0
0.12335334750843999,25,3.7184794513047077,60.8645844811193,1.0
0.12447066269435723,30,1.2448820641304188,40.51462409817697,1.0
0.15010920694450666,38,3.7390487889361705,51.32129716479373,1.0
0.10409699287114058,31,1.7948052860394776,39.89570307117956,1.0
0.3529333575679681,19,0.3032562505313612,9.871749308026152,0.0
0.20540743708199627,29,2.608865387974887,24.22197639407399,1.0
0.11915990447901878,36,2.0344672098992103,27.007362710612707,1.0
0.11994441559479574,31,4.808982224486833,57.15874304273101,1.0
0.35150769252399783,18,0.3430255877923688,9.93666225366427,0.0
0.2860797683050758,17,0.37152391434522525,5.484295796321096,0.0
0.3917493478770397,13,0.3713225180554166,13.294840725615408,0.0
0.36293325093402695,19,0.30335937705146404,12.23917779283199,0.0
0.32197381108272405,10,0.25254953612684106,10.10596890427591,0.0
0.1414199966894183,24,3.098782197385804,36.43027933383975,1.0
0.35178498102926814,19,0.2056280156252133,14.679425202287277,0.0
0.36489599012247476,16,0.11649250817016171,8.65763975311743,0.0
0.3117200055241268,12,0.18384036515509222,14.953109047225173,0.0
0.15585127986653471,33,1.5846661608351122,59.44180731406314,1.0
0.12584268053995665,26,1.1716520322628323,25.835668725332006,1.0
0.26032140525409847,16,0.15206109968243522,5.07313894955754,0.0
0.29442905690540633,11,0.387586888169308,14.473332618462834,0.0
0.16788653254320546,37,3.0392639428945425,54.45878477748971,1.0
0.37451293638363137,11,0.32835204299430554,9.866896798826282,0.0
0.27298653005204304,10,0.32222939954389174,5.106069260476675,0.0
0.17650459448244782,28,4.26157805854527,41.07492313642413,1.0
0.21765234469890515,35,3.869390575801518,35.50465568881856,1.0
0.10851200107725326,38,3.4152899627949562,59.370078030243015,1.0
0.11073594305832085,28,1.1202181961049469,31.032434799765305,1.0
0.3991323740741769,14,0.36702004627336715,9.977720214598772,0.0
0.16637087499618441,28,4.647105863789239,22.756557919528145,1.0
0.39083496557400255,16,0.1369814475447006,5.656566222722887,0.0
0.3360046984763778,13,0.20063466518471063,13.897530564417908,0.0
0.30281622216485315,13,0.2724136012646086,13.458418954450574,0.0
0.3699945957298555,15,0.3043402690592444,12.704929404841135,0.0
0.10060044351363975,20,2.396657263297251,29.27330515717557,1.0
0.2774798771033221,14,0.32482175759590215,14.365096065968869,0.0
0.3526650542928934,18,0.35292186693363325,11.431598563163991,0.0
0.16611634949919887,35,1.0842668491919238,54.128771913117305,1.0
0.32627976480806714,19,0.33301427764019487,6.289468845029173,0.0
0.1432788215742421,30,1.8619230280008856,39.196622595497885,1.0
0.13768728073050263,31,4.111508482846911,53.926412048209535,1.0
0.1944222906122713,28,1.7520541250087986,35.214133212232774,1.0
0.3743406172822506,14,0.14725978180547206,7.800031743662478,0.0
0.295262328265955,18,0.3470541553868536,9.53566224318411,0.0
0.35314979133082247,19,0.19036150226390286,13.03963955950672,0.0
0.2057418278446683,30,4.53881219788088,30.224910838388723,1.0
0.19967489316782475,20,2.60610338546683,38.757661093674216,1.0
0.39660328916209336,11,0.34095366177031605,6.554068356949797,0.0
0.11212039661039751,24,4.256549578376864,45.77511907350826,1.0
0.3402814233985155,14,0.3741216381758392,10.130340375499866,0.0
0.26769463352417194,19,0.31223835134619926,5.593309004985292,0.0
0.3234134311529038,12,0.36681117919794515,13.75916556625219,0.0
0.14030459188161698,32,3.0500982430577754,67.02549204567873,1.0
0.21618774820552417,28,2.059581020497586,21.306763133344326,1.0
0.12163806239073649,33,3.582627420949023,62.41501175927136,1.0
0.31278250922736334,18,0.3665302440934347,9.170048418532566,0.0
0.19450239749006168,30,2.1162347728962754,37.57629536831398,1.0
0.2187614629867087,22,3.664524303028118,35.251923450317435,1.0
0.17399594469864466,24,1.4135590666970383,24.560301109508725,1.0
0.2653703924034384,13,0.30232420528420156,9.30992455769751,0.0
0.10609527035465094,34,3.968582163617789,60.56710408171092,1.0
0.3843051311461466,18,0.3151880220406559,11.034264038666809,0.0
0.15217041944354318,26,1.0434643962975243,49.99385988338196,1.0
0.1757023792771975,34,3.9850899561725286,35.18221672941236,1.0
0.11901935530004443,24,4.117257491516606,65.2734103195464,1.0
0.17367087649862412,29,1.9258177343743665,65.81638580866777,1.0
0.3496614712312943,19,0.11809573016006895,9.185050922857046,0.0
0.1606342787779053,35,2.5456561543614233,21.167908384474526,1.0
0.12419462876871701,24,4.447721736497388,42.89735324101211,1.0
0.3736077240028841,10,0.37281202760154375,13.386483816621372,0.0
0.28745041324566684,16,0.3067340616915667,12.298831846564386,0.0
0.34772719979291206,18,0.10237565592502035,11.017813770690523,0.0
0.3827942750919098,14,0.2884727260383514,14.801035658074301,0.0
0.11568681508083455,36,4.076707629483478,54.715196023008744,1.0
0.38878487605495016,18,0.17232436761847134,7.764586570982903,0.0
0.3614368830726348,19,0.31660571832455214,10.065293977057726,0.0
0.1019037000469562,36,4.638819545065829,57.61745918709855,1.0
0.1897350274201424,29,4.13745748517521,53.077376717824926,1.0
0.1359672360783913,24,2.8809697785794524,38.640020439001994,1.0
0.38320074081197475,11,0.3601964544959898,12.693145148549053,0.0
0.1091915375429737,31,4.744900506073167,28.247879669545426,1.0
0.11433395708631724,21,2.6736964131671357,67.88273834145625,1.0
0.38341317339586933,11,0.29058451118395967,8.309773867576745,0.0
0.13073133293117298,28,1.852113225022448,58.20662919227084,1.0
0.26716964595463866,15,0.12711502638146255,14.901402112085588,0.0
0.15516272407257017,28,1.0791215101415186,33.37958948229756,1.0
0.14063390150369703,21,4.550098563432421,60.84159453514476,1.0
0.18172342781001963,22,3.6399731061250344,45.31239233375326,1.0
0.38701356539664156,12,0.20630260804151182,7.512301180842429,0.0
0.15794369773704198,32,3.072694047428838,46.364464123696976,1.0
0.12101825646344289,21,1.9927932871681273,45.34495785649056,1.0
0.3102304616911273,15,0.2160474727430159,8.70521580991514,0.0
0.1839572352945007,23,4.53879363061266,24.746239573402413,1.0
0.12105449595511257,39,3.867087568205194,42.432065608478766,1.0
0.11567849600033389,33,1.2280273185782091,65.77762541430401,1.0
0.10665524940634924,34,4.774638970472631,22.94312252260893,1.0
0.2009575061321312,23,1.1947525656278892,48.54551071857304,1.0
0.26090312038181834,10,0.27878564024536034,6.531613368755153,0.0
0.3049192733692908,18,0.3757434651451801,14.686282100811871,0.0
0.16409816639985136,22,4.532306345358857,27.529253046333334,1.0
0.290743449420332,14,0.10406540732278889,14.406741888238965,0.0
0.13451775056391463,38,2.2369047921613925,38.391116503761175,1.0
0.32865961256459936,17,0.2335461628484254,14.944034221098274,0.0
0.29904830745015043,10,0.31709159666075515,8.242033609631438,0.0
0.37055356085458807,17,0.2956965210552443,6.595966194031079,0.0
0.17799459619063018,28,3.1141644861367084,57.292316698237094,1.0
0.37727763915966894,11,0.14127002449613332,8.881697267668853,0.0
0.32434437267719174,15,0.3191693528475653,12.958393406658642,0.0
0.2144570095406149,36,2.725459177578856,41.90011147418381,1.0
0.3739369021953902,16,0.33471022346380663,6.653516993173788,0.0
0.13241743245926135,30,1.3417997469790235,60.53748989690394,1.0
0.3472002030543851,17,0.24829327106839744,11.72017078624608,0.0
0.3341800617210758,19,0.10677684146365855,13.125705371878118,0.0
0.18982865213548608,20,2.28845576898486,62.567003344566885,1.0
0.27901519623081616,19,0.24085542433091744,7.406958460852144,0.0
0.2869603294640322,16,0.17498184784755078,13.563114041369749,0.0
0.15137790110226584,37,1.3475760252199347,42.191875298008114,1.0
0.17447601380809066,34,4.704338690425322,39.017334812542416,1.0
0.19777453369044792,23,1.0500043192190978,27.641870985962967,1.0
0.20668685905230044,23,2.9272669050402196,59.21680878897958,1.0
0.3885671137230016,16,0.125411486264965,12.426260994705869,0.0
0.12493011302885951,29,2.5720837642868695,52.039636957940296,1.0
0.260245343337164,12,0.28650200047959296,12.862314146262278,0.0
0.33554069569309664,17,0.34399185584479297,5.1311898622849395,0.0
0.16296609771004955,20,3.7392350226829127,44.961981510185026,1.0
0.12930918651210535,21,3.5977759208410944,48.12092650889309,1.0
0.19316282360330805,28,4.7874435017492605,25.320295566596496,1.0
0.36666985729047,18,0.17697189753742637,11.717632230010253,0.0
0.37922575343761916,14,0.3415319827691708,5.403348461472333,0.0
0.20168434171466593,27,2.38265837132904,60.33008148320903,1.0
0.16615903210906866,24,1.6041179228422888,24.947542551292806,1.0
0.20702032172138446,26,3.6925248940242903,56.501149756624905,1.0
0.1126439090536502,36,1.5593442472014263,43.560205262919254,1.0
0.27978872567375307,18,0.11325869667370339,11.481017901687553,0.0
0.31523639407783915,10,0.39431926461083033,13.092669391450123,0.0
0.2968931073448666,13,0.21342138524993684,11.625009755341837,0.0
0.12836175825188073,24,1.9110842713435052,30.72467725209273,1.0
0.21603319970308038,30,1.646919782186139,27.885937691526223,1.0
0.38756639379740876,17,0.3650187764342485,6.577834612126239,0.0
0.1277991946887707,32,4.301136151911942,38.68218632025934,1.0
0.1264464600204473,26,4.383644580522554,32.069504949743745,1.0
0.3760521694048733,11,0.1678685703304304,7.646871180686379,0.0
0.38286567038508074,15,0.22703050095924443,6.278638837828301,0.0
0.13709560524985556,38,4.8786978915446095,46.39706209818894,1.0
0.30580964945992667,19,0.3766659268527289,6.979962166308608,0.0
0.3165931992296944,14,0.18074522692032097,13.354996053357741,0.0
0.37876211786298813,10,0.10968494472421841,9.139621883769369,0.0
0.12851979681137998,27,2.227202349373437,61.236530044668186,1.0
0.14409469908876577,38,1.4300521925761402,23.706254357104577,1.0
0.3424401337065247,14,0.2953087471248863,5.488153948551581,0.0
0.13107751014228808,39,1.366339437294278,50.641407915731506,1.0
0.3904638474933946,17,0.3034417245508284,11.801563802479436,0.0
0.3912979059244177,16,0.14773261410332586,10.832298100934088,0.0
0.1374846862189808,33,4.392405568418651,38.05008148176473,1.0
0.33061232784683753,16,0.3795914371538792,9.909237637436982,0.0
0.12719068547599144,20,4.204503809877133,34.872164058641175,1.0
0.1473349049132011,39,3.223669502647691,62.93027018353192,1.0
0.15815307349272,30,2.17800830256815,43.08297894361979,1.0
0.20346280821444485,24,4.603160156885798,38.3666545173028,1.0
0.15046778054520354,24,3.5181710318685844,36.665389581962316,1.0
0.2894799267931994,14,0.18682798507176201,11.23108071917784,0.0
0.3436333173447057,17,0.11726975731693587,6.9108071727845015,0.0
0.1714905485334719,39,2.059466038869086,46.180355025162314,1.0
0.2735438231897744,16,0.23716109693477505,6.940132760781358,0.0
0.15999601195676105,21,2.130487555487305,51.12026704513064,1.0
0.12199180068291991,38,3.1320396730644773,42.314125118784695,1.0
0.2677956074797633,10,0.2720128562578888,14.4207688780807,0.0
0.13125919829482147,22,2.6780138556653776,66.34882175385835,1.0
0.12607446428952085,37,3.5823767142107235,63.019464281832,1.0
0.15991182068598747,21,1.7523041248040152,55.12811319893394,1.0
0.17785390019968628,21,2.8769552103985236,34.06480877650087,1.0
0.11890140106289016,33,1.2313662578153206,69.75406865132474,1.0
0.2701628456146182,15,0.30451777596449825,14.843265038075971,0.0
0.2702026971979034,19,0.26475710039444167,6.338745705844221,0.0
0.37055663810229533,16,0.1263802964023453,10.833749607596296,0.0
0.33342062468436257,13,0.36063292472786435,9.240304275041984,0.0
